{
  "config_id": "ret_005",
  "top_k": 10,
  "variant": "default",
  "hybrid": false,
  "query_rewrite": true,
  "mean_precision_at_k": 0.010344827586206896,
  "mean_recall_at_k": 0.017241379310344827,
  "mean_mrr": 0.07389162561576354,
  "mean_ndcg_at_k": 0.024347320626341314,
  "latency_p50_ms": 345.9,
  "cost_usd": 0.0
}